POINT_X;POINT_Y;NOMBRE;CODVIA;TIPOVIA;PARTICULA;NOMBREVIA;ACCTEXTO;DISTRITO;BARRIO;CP;USO;TIPO
-3.61730589122;37.2135916558;C.C.KINEPOLIS;;;;PULIANAS;;;;;PÚBLICO;MIXTO
-3.59734714775;37.1963659342;PARKING ALFAR ROMANO;"15236";CALLE;;PROFESOR VICENTE CALLAO;SN;BEIRO;SAN ILDEFONSO;"18011";PÚBLICO;SUPERFICIE
-3.59733727013;37.191111824;PARKING LOS ALMENDROS;"15208";CALLE;;PROFESOR CLAVERA;SN;BEIRO;SAN ILDEFONSO;"18011";PÚBLICO;SUPERFICIE
-3.60300954077;37.147222045;COMPLEJO HOSPITALARIO UNIVERSITARIO DE GRANADA;"15444";AVENIDA;DE LA;INVESTIGACION;"15";ZAIDIN;ZAIDIN - VERGELES;"18016";PÚBLICO;SUBTERRÁNEO
-3.6207966363;37.2011179294;CENTRO DEPORTIVO PRIETO CASTILLO;"15221";AVENIDA;;FEDERICO GARCIA LORCA;"21";BEIRO;BARRIADA DE LA CRUZ;"18014";PÚBLICO;SUPERFICIE
-3.62641026755;37.2007621666;CENTRO DEPORTIVO CERRILLO DE MARACENA;"15217";CALLE;;ESOPO;Frente a 28;CHANA;CERRILLO DE MARACENA;"18014";PÚBLICO;SUPERFICIE
-3.59427647335;37.1881213283;CENTRO DEPORTIVO AYNADAMAR;"01452";CALLEJON;DE;TALLACARNE;"6";ALBAYZIN;HAZA GRANDE;"18011";PÚBLICO;SUPERFICIE
-3.58284270617;37.1643288241;CENTRO DEPORTIVO BOLA DE ORO;"10934";PASEO;;FUENTE DE LA BICHA (peatonal);"30";GENIL;CAMINO DE LOS NEVEROS y BOLA DE ORO;"18008";PÚBLICO;SUPERFICIE
-3.61459136582;37.1810875313;ARTESANO MOLERO;"00151";CALLE;;ARTESANO MOLERO;"3";RONDA;CAMINO DE RONDA;"18004";PÚBLICO;SUBTERRÁNEO
-3.61436635714;37.1887746962;APARCAMIENTO ALBORADA;"00474";CALLE;;CRUZ DEL SUR;"4";BEIRO y CHANA;PAJARITOS y CHANA - ENCINA - ANGUSTIAS;"18014";PÚBLICO;SUBTERRÁNEO
-3.60640332767;37.1626619657;PARQUE LAS CIENCIAS;"15127";AVENIDA;DE LA;CIENCIA;SN;RONDA;FIGARES;"18006";PÚBLICO;SUBTERRÁNEO
-3.60753412063;37.1669981425;HOTEL NAZARIES;"10742";CALLE;;ELENA MARTIN VIVALDI;"5";RONDA;FIGARES;"18004";PÚBLICO;SUBTERRÁNEO
-3.61602248221;37.1818090544;PLAZA DE LA ILUSIÓN;"09238";CALLE;;RECOLETOS;"4";RONDA;CAMINO DE RONDA y PARQUE DE LA ROSALEDA;"18003";PÚBLICO;SUBTERRÁNEO
-3.61402924232;37.1807044351;APARCAMIENTO SÉNECA;"00133";CALLE;;ARABIAL;"117";RONDA;CAMINO DE RONDA y otros;"18003";PÚBLICO;SUPERFICIE
-3.59035108307;37.1711125619;APARCAMIENTOS AVE MARÍA;"00961";CALLE;;MOLINOS;"63";CENTRO;REALEJO - SAN MATIAS;"18009";PRIVADO;SUPERFICIE
-3.59841521099;37.1705109089;CALLE DUENDE (HOTEL CARMEN);"00554";CALLE;;DUENDE;"1";RONDA;FIGARES;"18005";PRIVADO;SUBTERRÁNEO
-3.60174268413;37.1470621629;AVENIDA DEL CONOCIMIENTO;"15445";AVENIDA;DEL;CONOCIMIENTO;"37";ZAIDIN;ZAIDIN - VERGELES;"18016";PÚBLICO;SUPERFICIE
-3.61329059162;37.1464183972;C.C. NEVADA;;;;ARMILLA;;;;;PÚBLICO;MIXTO
-3.61456274624;37.2004142635;ESTACIÓN DE AUTOBUSES;"00762";AVENIDA;;JUAN PABLO II;"33";BEIRO y NORTE;BARRIADA DE LA CRUZ y otros;"18014";PÚBLICO;SUPERFICIE
-3.60642308048;37.146778441;HOSPITAL CAMPUS DE LA SALUD;"15444";AVENIDA;DE LA;INVESTIGACION;"2";ZAIDIN;ZAIDIN - VERGELES;"18016";PÚBLICO;SUPERFICIE
-3.58756850671;37.179107116;REY CHICO Mpal. (p.a.r.);"10546";PLACETA;DEL;REY CHICO;SN;CENTRO;REALEJO - SAN MATIAS;"18010";RESIDENTES;SUPERFICIE
-3.62131904581;37.2121564724;C.C. ALAMEDA;;;;PULIANAS;;;;;PÚBLICO;MIXTO
-3.61000044347;37.1878792569;VIRGEN DE LAS NIEVES;"10246";AVENIDA;DE LAS;FUERZAS ARMADAS;"2";BEIRO;PAJARITOS y otros;"18012";PÚBLICO;SUBTERRÁNEO
-3.61017782815;37.1980730678;C.C. ALCAMPO;"00762";AVENIDA;;JUAN PABLO II;"88";NORTE;JOAQUINA EGUARAS;"18013";PÚBLICO;SUBTERRANEO
-3.59446088769;37.1586456995;BE SUITES (PFSOR G. PAREJA);"09023";CALLE;;PROFESOR MANUEL GARZON PAREJA;"34";GENIL;CERVANTES;"18008";PRIVADO;SUBTERRANEO
-3.58368964947;37.1571066239;C.C. SERRALLO PLAZA;"15409";PASEO;;LAGUNA DE CAMEROS;"1";GENIL;CERVANTES;"18008";PÚBLICO;SUBTERRANEO
-3.59575532398;37.1611067769;LA HÍPICA;"15481";PLAZA;DE LA;HIPICA;"2";ZAIDIN;ZAIDIN-VERGELES;"18006";PÚBLICO;SUBTERRANEO
-3.60879592052;37.1606040177;FORUM CENTRO DE NEGOCIOS;"15115";CALLE;;JOSE LUIS PEREZ PUJADAS;"8";RONDA;FIGARES;"18006";PÚBLICO;SUBTERRANEO
-3.6084637002;37.1549333384;C.C. CARREFOUR;"00144";AVENIDA;;FERNANDO DE LOS RIOS;"43";ZAIDIN;ZAIDIN-VERGELES;"18006";PÚBLICO;SUBTERRANEO
-3.58156111667;37.172628531;GENERALIFE (bus/autocaravanas);"09403";PASEO;DE LA;SABICA;Frente a 50;CENTRO;SAN MATIAS-REALEJO;"18009";PÚBLICO;SUPERFICIE
-3.60809002755;37.1644416865;LA INMACULADA (HOSPITAL);"10744";CALLE;;EUDOXIA PIRIZ;"27";RONDA;FIGARES;"18004";PÚBLICO;SUPERFICIE
-3.59929485572;37.1676226867;ÁREA VERDE;"08273";CALLE;;SAN ANTON;"72";RONDA;FIGARES;"18005";PÚBLICO;SUBTERRANEO
-3.60320289115;37.1721222909;PALACIO LOS PATOS;"00650";CALLE;;GENERAL NARVAEZ;"2";CENTRO;CENTRO-SAGRARIO;"18002";PÚBLICO;SUBTERRANEO
-3.60436630211;37.1784980971;GRAN CAPITÁN;"00666";CALLE;;GRAN CAPITAN;"10";CENTRO;CENTRO-SAGRARIO;"18002";PÚBLICO;SUBTERRANEO
-3.60529503797;37.1685857855;GARAJE LAS FLORES;"08281";CALLE;LAS;FLORES;"4";RONDA;FIGARES;"18004";PÚBLICO;SUBTERRANEO
-3.6073317904;37.1681609059;C.C. NEPTUNO;"01002";CALLE;;NEPTUNO;"6";RONDA;FIGARES;"18004";PÚBLICO;SUBTERRANEO
-3.59763631532;37.1705980177;C.C. EL CORTE INGLÉS;"00314";CALLE;;CARRERA DEL GENIL;"20";CENTRO;SAN MATIAS-REALEJO;"18005";PÚBLICO;SUBTERRANEO
-3.59926035098;37.1716817177;PUERTA ORIENTAL MONTES ORIENTALES;"09914";CALLE;;PINO;"1";CENTRO;SAN MATIAS-REALEJO;"18005";PÚBLICO;SUBTERRANEO
-3.60230667602;37.174834991;GARAJE LA PAZ;"01099";CALLE;;PAZ;"5";CENTRO;CENTRO-SAGRARIO;"18002";PÚBLICO;SUBTERRANEO
-3.60830583484;37.1727765748;GARAJE SIERRA NEVADA;"01264";CAMINO;DE;RONDA;"91";RONDA;CAMINO DE RONDA;"18004";PÚBLICO;SUBTERRANEO
-3.61318748787;37.1780135211;C.C. HIPERCOR;"10454";PLAZA;;GUITARRISTA MANUEL CANO;"3";RONDA;CAMINO DE RONDA;"18004";PÚBLICO;SUBTERRANEO
-3.61083118177;37.17953331;GARAJE UNIVERSIDAD;"00660";CALLE;;GONZALO GALLAS;"15";RONDA;CAMINO DE RONDA;"18003";PÚBLICO;SUBTERRANEO
-3.59495544474;37.1710939303;GARAJE LA CARRERA;"01011";CALLE;;NICUESA;"7";CENTRO;SAN MATIAS-REALEJO;"18009";PÚBLICO;SUBTERRANEO
-3.59523822314;37.1724570185;G. TREX (PLAZA DE LOS CAMPOS);"08544";CALLEJON;DE;SANTO DOMINGO;"2";CENTRO;SAN MATIAS-REALEJO;"18009";PÚBLICO;SUBTERRANEO
-3.59776782071;37.1770671725;CETTI MERIEM;"00360";CALLE;;CETTI MERIEM;"4";CENTRO;CENTRO-SAGRARIO;"18010";PRIVADO;SUBTERRANEO
-3.60556892718;37.1854051983;LA PIRÁMIDE;"09082";CALLE;;VIDRIO DE SAN LAZARO;"1";BEIRO;P. TOROS-DOCTORES-S. LAZARO;"18012";PRIVADO;SUBTERRANEO
-3.59862458485;37.1575013426;MARGARITA XIRGU;"00463";CALLE;;CRUCERO BALEARES;"21";ZAIDIN;ZAIDIN-VERGELES;"18007";PÚBLICO;SUBTERRANEO
-3.59237754013;37.1593285259;PALENCIA;"09023";CALLE;;PROFESOR MANUEL GARZON PAREJA;SN;GENIL;CERVANTES;"18008";PÚBLICO;SUBTERRANEO
-3.59843765602;37.15312516;POETA GRACIÁN (ANTIGUA ROBER);"15257";PLAZA;;POETA JAVIER EGEA;SN;ZAIDIN;ZAIDIN-VERGELES;"18007";RESIDENTES;SUBTERRANEO
-3.6033694433;37.1605274308;CRUZ DE LAGOS;"08794";CALLE;;GRABADOR DAVID ROBERTS;"2";ZAIDIN;ZAIDIN-VERGELES;"18006";PÚBLICO;SUBTERRANEO
-3.5915529299;37.1829669843;CENTRO ACT. COMÚN ALBAICÍN;"01046";CALLE;;PAGES;"2";ALBAICIN;ALBAICIN;"18010";RESIDENTES;SUBTERRANEO
-3.59541532751;37.1811820362;SANTA ISABEL LA REAL;"08539";CALLE;;SANTA ISABEL LA REAL;"19";ALBAICIN;ALBAICIN;"18010";RESIDENTES;SUBTERRANEO
-3.60552447135;37.1795627224;SEVERO OCHOA-SAN JERÓNIMO;"09816";PLAZA;;SOR CRISTINA DE LA CRUZ DE ARTEAGA;"3";CENTRO;CENTRO-SAGRARIO;"18001";PÚBLICO;SUBTERRANEO
-3.60600601219;37.1671468413;PARQUE GENIL/ARABIAL;"15335";PLAZA;;GERARDO CUERVA;"1";RONDA;FIGARES;"18004";PÚBLICO;SUBTERRANEO
-3.60849590213;37.1684810947;TORRES NEPTUNO;"01002";CALLE;;NEPTUNO;"12";RONDA;FIGARES;"18004";PÚBLICO;SUBTERRANEO
-3.60963807264;37.1779118825;ALBERT EINSTEIN;"08234";PLAZA;;ALBERT EINSTEIN;SN;RONDA;CAMINO DE RONDA;"18002";RESIDENTES;SUBTERRANEO
-3.6057294916;37.1905450289;ANTIGUO LOS CÁRMENES;"15367";PLAZA;DE LA;CIUDAD DE LOS CARMENES;"6";BEIRO;CERCADO BAJO DE CARTUJA;"18013";PÚBLICO;SUBTERRANEO
